RESPID,DEVICETYPE,Q7_B - How Often Read National Newspaper,Q11_A - Artificial Intelligence Replacing People in the Workforce,Q11_B - Fear Technology I don't Understand,Q11_Fear Cyberterrorism,PEDUCATION,PGENDER,PRACE,PREGION,I_GENDER,I_AGE,I_MARITAL,I_REGION,I_RELIGION
3,1,5,1,3,2,2,2,1,2,2,4,2,2,1
5,1,1,3,3,3,4,1,1,3,1,4,2,3,1
6,1,6,1,2,2,2,2,1,3,2,4,3,3,4
8,1,1,4,4,1,4,2,1,4,2,4,3,4,4
9,1,6,4,4,3,3,1,5,4,1,3,1,4,3
11,1,1,3,4,3,2,1,1,3,1,4,2,3,1
12,1,6,4,4,4,4,1,1,3,1,2,1,3,4
14,4,6,4,4,4,3,1,1,4,1,2,2,4,1
15,1,1,4,3,1,4,1,1,4,1,3,2,4,1
17,2,1,2,3,3,4,1,1,2,1,4,2,2,2
19,2,2,3,4,4,4,2,3,3,2,1,1,3,4
20,2,6,4,4,3,3,1,1,1,1,2,2,1,2
21,4,6,3,3,3,1,1,1,2,1,3,2,2,4
22,4,2,1,4,2,4,1,2,3,1,2,1,3,4
23,4,6,3,3,3,2,1,1,4,1,4,2,4,1
24,2,1,1,1,1,4,1,1,2,1,3,3,2,1
25,2,6,3,3,2,3,1,1,4,1,4,2,4,1
27,2,6,1,2,1,3,2,1,3,2,3,3,3,1
28,2,6,4,4,2,4,1,1,4,1,2,2,4,3
30,2,5,3,4,3,4,2,2,2,2,2,2,2,4
31,4,3,1,1,1,4,2,6,1,2,2,1,1,4
34,1,6,3,4,3,2,2,1,2,2,3,2,2,1
36,4,4,4,3,2,2,2,1,2,2,2,3,2,1
42,1,6,3,2,1,2,1,1,2,1,3,3,2,1
43,4,4,1,2,1,3,1,1,3,1,3,2,3,1
45,2,6,2,3,1,3,1,1,3,1,4,3,3,1
46,4,2,3,3,1,4,1,1,3,1,4,2,3,4
49,2,3,2,2,2,4,2,3,3,2,3,2,3,2
50,1,4,3,3,4,4,1,3,4,1,2,2,4,1
51,2,6,1,2,1,3,2,1,3,2,1,1,3,1
54,1,2,2,2,2,3,1,1,2,1,4,2,2,2
56,2,4,3,3,3,3,2,2,3,2,1,1,3,3
60,1,6,1,3,3,3,2,1,1,2,3,1,1,2
61,2,3,1,3,1,1,2,5,4,2,2,1,4,1
62,2,6,1,1,1,3,2,1,3,2,2,1,3,2
67,2,1,3,4,3,4,2,1,4,2,2,2,4,4
71,1,1,3,3,2,2,1,1,2,1,4,3,2,2
72,1,6,3,4,3,2,2,1,2,2,4,3,2,1
73,1,4,4,4,4,2,1,1,1,1,3,3,1,2
79,2,4,4,4,2,4,2,1,2,2,2,2,2,1
86,1,4,3,4,3,4,1,1,1,1,3,2,1,1
93,1,3,4,4,3,4,1,6,4,1,2,2,4,2
95,1,4,4,2,2,4,1,1,4,1,4,2,4,1
96,4,6,4,4,3,2,1,1,3,1,1,2,3,1
98,2,5,3,3,4,4,1,2,1,1,2,2,1,1
101,2,5,3,3,3,3,2,6,1,2,1,1,1,4
106,1,6,2,4,2,2,2,1,4,2,4,2,4,1
107,1,3,4,4,2,3,2,1,3,2,2,1,3,3
108,1,6,3,3,3,4,2,1,3,2,3,2,3,1
110,2,6,1,1,1,2,2,2,2,2,4,3,2,1
113,2,6,1,4,3,4,2,1,3,2,2,2,3,2
116,2,6,1,2,3,3,2,1,3,2,3,1,3,3
129,4,1,2,2,1,2,2,5,3,2,2,2,3,4
133,2,6,1,2,2,2,2,3,3,2,1,2,3,3
134,4,6,3,3,1,3,2,3,3,2,2,2,3,3
139,2,3,3,3,3,4,1,1,2,1,1,1,2,4
140,2,6,1,2,1,4,2,1,2,2,4,3,2,2
141,4,6,1,4,1,3,2,5,1,2,2,2,1,4
144,1,6,3,4,4,4,2,1,2,2,1,2,2,1
145,4,6,1,4,4,3,1,5,3,1,2,2,3,4
146,1,6,1,4,4,3,2,1,2,2,3,3,2,4
148,2,5,3,4,3,1,1,3,4,1,1,1,4,4
149,4,6,1,2,2,2,1,2,3,1,2,2,3,1
155,4,5,2,4,1,2,1,1,3,,2,1,3,4
156,4,5,1,2,1,2,1,1,1,1,4,2,1,4
160,2,6,4,4,4,1,2,1,2,2,2,1,2,4
162,1,6,1,2,1,1,2,1,4,2,3,2,4,
166,1,1,1,3,2,4,2,1,3,2,2,2,3,4
167,4,4,2,3,3,4,2,1,3,2,2,2,3,2
169,1,3,3,4,3,4,1,6,2,1,2,1,2,4
170,1,5,4,4,4,4,1,1,3,1,4,2,3,2
171,2,4,3,2,1,3,2,1,1,2,1,1,1,4
172,2,6,1,4,1,4,2,1,3,2,4,3,3,2
173,1,6,4,4,4,4,1,1,4,1,1,1,4,4
175,1,6,3,3,2,4,2,1,1,2,1,2,1,1
176,1,5,3,4,3,3,2,1,1,2,4,1,1,2
177,1,5,2,3,2,3,2,3,3,2,4,2,3,2
179,4,6,3,4,3,2,2,1,2,2,4,2,2,3
181,2,3,1,4,1,1,1,1,3,1,1,1,3,4
182,4,3,1,1,1,2,2,2,3,2,2,1,3,1
183,2,6,1,4,2,2,1,1,2,1,2,2,2,1
184,4,6,1,3,2,2,1,5,4,1,1,3,4,3
185,1,4,3,3,2,4,1,1,2,1,4,2,2,4
187,4,2,1,1,1,3,1,6,4,1,3,1,4,3
189,1,1,3,4,3,4,1,1,4,1,4,2,4,4
190,4,6,2,3,3,2,2,2,4,2,2,2,4,3
191,4,6,3,3,2,4,2,3,2,2,2,2,2,2
192,1,6,3,3,2,3,2,1,4,2,3,2,4,4
194,2,4,3,4,2,2,2,1,1,2,1,1,1,2
196,2,6,1,3,1,4,2,1,1,2,4,3,1,2
197,2,5,1,1,1,4,1,1,3,1,3,2,3,2
199,2,6,3,2,2,2,2,3,2,2,2,1,2,2
201,2,6,3,3,2,2,2,1,3,2,3,2,3,3
204,1,3,3,4,3,4,1,6,1,1,1,1,1,3
207,1,2,4,4,2,4,1,1,1,1,2,2,1,4
209,4,6,2,3,1,2,1,1,1,1,4,2,1,3
210,1,6,4,4,1,4,2,1,4,2,1,1,4,3
212,4,6,1,3,1,3,2,2,3,2,4,1,3,3
218,2,4,3,4,2,2,999,999,4,2,,,4,
222,4,6,2,2,1,2,2,1,4,2,4,2,4,1
226,1,2,4,4,3,2,1,1,4,1,3,3,4,2
228,2,1,2,4,4,4,2,2,1,2,4,3,1,3
229,2,6,3,3,2,2,1,5,1,1,1,1,1,2
232,1,1,4,4,3,4,1,1,3,1,3,2,3,2
233,2,5,3,3,2,2,2,1,3,2,3,2,3,2
235,4,3,2,2,1,999,2,2,3,2,2,1,3,1
239,2,6,3,2,2,4,1,1,3,1,4,1,3,2
242,2,6,1,3,1,2,1,1,1,1,4,2,1,3
243,1,4,3,3,2,3,1,1,3,1,4,2,3,1
244,1,3,3,4,3,4,2,2,1,2,2,2,1,1
245,4,1,4,4,3,4,1,1,2,1,4,2,2,4
246,4,6,2,3,2,2,1,1,2,1,3,2,2,2
247,2,3,2,2,1,4,2,2,3,2,4,3,3,2
249,2,1,3,4,3,4,1,1,2,1,4,2,2,1
250,1,6,4,4,3,4,1,1,2,1,1,1,2,1
251,1,6,1,3,1,1,2,1,3,2,3,3,3,1
252,2,6,4,4,2,3,2,1,1,2,3,1,1,3
254,2,4,3,3,2,4,2,1,1,2,2,1,1,2
256,2,6,3,3,3,1,1,1,3,1,4,2,3,1
258,2,6,4,4,3,4,2,1,2,2,2,2,2,4
260,1,6,2,2,2,3,2,1,2,2,3,2,2,1
263,4,6,3,4,1,4,1,1,1,1,2,2,1,4
265,2,6,2,2,2,3,2,1,1,2,3,3,1,2
270,1,5,3,3,3,4,2,6,4,2,2,1,4,4
271,2,6,3,4,3,4,2,1,3,2,1,1,3,4
272,1,6,4,2,3,3,1,1,4,1,4,2,4,3
273,4,5,4,4,3,3,1,1,2,1,2,1,2,4
274,4,5,3,4,4,4,1,2,3,1,2,3,3,3
277,2,4,3,4,2,3,2,1,3,2,2,2,3,4
279,1,5,3,4,4,1,1,1,4,1,2,1,4,4
281,4,6,1,1,2,2,1,1,3,1,2,3,3,1
282,4,5,3,3,3,4,2,1,3,2,4,2,3,1
283,4,6,1,4,3,3,1,1,3,1,3,2,3,2
284,2,6,2,3,1,4,2,1,4,2,3,2,4,3
285,4,4,2,4,2,3,2,1,2,2,2,1,2,4
286,1,2,3,3,3,3,2,1,4,2,4,2,4,3
289,2,6,1,3,1,3,2,1,4,2,4,2,4,4
290,4,5,2,3,2,3,1,1,3,1,3,2,3,1
291,2,3,2,3,3,4,2,3,4,2,2,2,4,2
294,1,1,3,4,3,3,1,2,1,1,3,2,1,4
301,1,6,1,3,1,2,1,1,1,1,2,2,1,2
305,1,6,3,3,3,4,1,1,4,1,4,1,4,4
306,2,6,1,3,1,2,1,1,1,1,3,2,1,2
307,1,4,2,2,2,4,1,1,1,1,3,3,1,1
309,1,6,4,4,4,2,2,1,4,2,3,2,4,3
310,4,6,3,3,2,2,2,3,4,2,2,2,4,4
312,6,6,4,4,2,3,2,1,3,2,3,2,3,1
313,2,1,2,2,2,4,1,1,2,1,4,2,2,1
314,1,5,3,3,3,3,1,1,4,1,4,2,4,3
320,1,6,2,1,1,3,2,1,2,2,4,1,2,1
321,2,3,4,4,3,1,2,1,2,2,2,2,2,3
324,4,4,3,3,3,4,2,1,3,2,2,1,3,2
327,4,3,1,3,1,2,2,5,4,2,2,1,4,2
333,2,5,2,3,2,4,1,1,3,1,4,2,3,2
334,2,5,4,4,4,4,2,1,3,2,2,2,3,1
335,4,3,4,4,4,2,1,1,2,1,1,1,2,3
338,1,6,2,2,1,2,2,1,3,2,3,2,3,1
340,4,5,3,4,4,2,1,1,2,1,2,1,2,
341,2,5,4,3,2,4,2,2,3,2,4,2,3,1
342,2,3,4,4,4,3,2,1,3,2,4,3,3,1
343,4,4,1,3,3,2,1,1,1,1,3,2,1,1
344,1,6,1,1,1,4,2,6,2,2,2,2,2,4
345,1,2,3,3,2,4,1,2,1,1,4,2,1,1
346,1,3,3,4,2,4,1,6,1,1,2,2,1,3
347,1,5,3,4,2,4,1,1,2,1,4,2,2,1
348,4,6,2,4,1,2,1,2,1,1,2,3,1,4
350,1,6,4,4,3,4,2,1,4,2,2,2,4,4
351,2,3,3,3,3,4,1,1,3,1,2,2,3,4
352,1,6,3,4,4,4,1,1,3,1,2,2,3,1
356,4,4,2,4,3,3,2,1,2,2,2,2,2,4
357,4,3,1,3,1,3,1,2,3,1,2,3,3,4
359,4,6,1,2,1,4,2,1,3,2,3,2,3,1
360,4,6,2,1,1,2,2,1,4,2,2,1,4,1
364,1,3,3,2,2,4,2,3,1,2,3,2,1,2
370,2,6,1,2,1,3,2,5,3,2,2,1,3,4
374,4,6,2,3,2,4,1,1,4,1,2,3,4,1
375,2,5,2,3,2,3,1,2,3,1,2,3,3,4
376,2,4,4,4,3,2,1,1,1,1,2,3,1,3
377,1,6,3,2,3,4,1,6,1,1,1,1,1,4
378,1,1,4,3,2,4,1,1,1,1,4,3,1,4
379,1,5,4,4,3,2,2,1,2,2,3,3,2,1
380,2,5,1,2,1,2,2,3,1,2,3,2,1,2
384,2,6,2,2,2,4,2,3,3,2,3,3,3,3
388,2,5,2,3,2,4,1,3,3,1,2,2,3,2
389,4,6,4,3,4,2,2,2,3,2,4,3,3,1
390,1,6,4,4,3,4,2,1,3,2,4,3,3,2
391,1,4,3,3,2,3,1,1,4,1,3,2,4,4
392,2,6,2,4,2,2,2,3,3,2,4,1,3,2
396,1,6,3,4,2,3,2,1,2,2,3,3,2,4
397,4,6,4,4,2,2,1,1,3,1,3,3,3,1
399,1,4,2,4,1,3,1,3,4,1,3,2,4,2
400,1,6,4,4,2,1,1,1,3,1,2,1,3,4
401,4,6,4,4,1,2,2,3,2,2,3,3,2,2
402,1,6,4,2,2,2,2,1,3,2,4,2,3,1
403,2,5,2,4,1,4,2,1,1,2,4,2,1,3
404,2,3,2,2,2,3,1,1,2,1,3,2,2,2
405,1,1,3,4,1,4,1,1,2,1,4,2,2,1
407,1,6,4,4,3,3,1,1,4,1,4,2,4,1
409,1,5,2,3,2,2,1,1,4,1,3,1,4,4
415,4,6,1,2,1,2,2,1,3,2,2,1,3,3
416,1,5,3,3,3,4,1,1,2,1,1,1,2,1
417,1,6,2,4,2,4,1,2,4,1,3,1,4,3
420,1,6,2,3,2,2,2,1,2,2,3,2,2,4
424,2,6,3,3,2,2,1,1,3,1,3,2,3,4
426,4,6,4,4,1,3,1,2,2,1,2,1,2,3
427,2,6,2,4,3,2,1,1,1,1,3,2,1,2
428,1,6,3,4,4,3,2,1,3,2,3,2,3,1
432,1,5,3,4,3,2,1,2,3,1,4,3,3,1
434,1,3,2,4,3,4,1,1,1,1,4,2,1,1
437,2,3,4,4,3,4,2,1,3,2,2,1,3,1
438,2,6,4,4,3,2,1,1,2,1,4,2,2,1
441,1,6,2,2,2,3,2,3,1,2,3,2,1,1
442,4,6,4,4,2,3,1,5,3,1,2,1,3,2
443,1,5,1,3,1,2,1,1,1,1,4,2,1,1
444,1,3,4,3,1,4,2,6,1,2,2,2,1,4
446,4,4,2,3,1,2,1,1,2,1,2,1,2,4
447,4,6,4,3,4,4,1,1,3,1,4,2,3,2
449,2,6,4,4,4,3,2,2,3,2,2,1,3,1
453,1,3,3,3,2,4,1,1,4,1,4,2,4,3
454,4,6,3,3,4,2,1,1,3,1,2,1,3,1
455,2,6,2,2,2,3,1,1,3,1,4,3,3,4
457,2,5,4,4,3,4,2,6,3,2,2,2,3,4
459,1,4,2,4,1,3,2,5,4,2,3,2,4,1
461,1,1,4,4,2,4,2,1,3,2,4,3,3,4
462,2,3,2,3,2,4,2,1,3,2,3,1,3,1
466,4,5,2,2,2,2,1,1,2,1,3,1,2,1
467,2,6,3,4,3,2,2,1,1,2,3,2,1,1
468,2,5,2,2,2,2,1,1,2,1,3,3,2,1
469,1,6,4,4,3,2,2,1,4,2,4,3,4,4
470,1,3,4,4,3,4,1,6,4,1,2,2,4,4
471,4,6,2,3,1,2,2,1,2,2,3,3,2,1
473,4,6,1,2,2,3,2,1,3,2,3,3,3,2
475,1,5,3,3,2,2,2,3,3,2,2,2,3,2
478,2,3,4,4,3,2,1,5,3,1,2,1,3,2
480,2,2,1,3,2,4,2,2,2,2,2,1,2,3
482,1,6,2,3,1,2,2,2,3,2,4,3,3,1
483,1,5,2,2,2,2,1,7,4,1,4,2,4,3
485,4,3,3,3,3,3,2,1,4,2,3,3,4,4
486,2,3,2,3,3,4,2,1,2,2,2,2,2,2
490,2,6,1,3,2,3,2,1,4,,1,1,4,3
492,4,5,3,4,3,4,1,5,1,1,1,1,1,2
494,4,6,2,4,2,3,1,3,3,1,1,1,3,2
495,2,6,1,4,3,3,2,3,3,2,1,2,3,4
497,1,6,2,2,2,2,1,1,1,1,3,3,1,1
500,1,6,2,3,2,4,1,2,3,1,4,3,3,1
502,1,6,3,4,3,3,1,1,3,1,4,2,3,4
505,1,1,1,1,1,4,1,3,3,1,1,1,3,3
506,2,5,1,3,3,2,2,1,1,2,1,1,1,3
510,4,3,1,1,1,4,2,5,4,2,2,1,4,1
511,1,6,3,3,3,3,1,3,3,1,2,2,3,3
512,2,6,4,3,4,4,2,1,1,2,2,2,1,2
514,4,5,4,4,4,3,2,1,2,2,3,3,2,1
515,1,1,2,3,1,4,2,1,4,2,4,2,4,4
518,2,3,4,3,4,2,1,6,1,1,1,1,1,4
520,1,5,3,3,2,4,1,1,1,1,4,2,1,4
521,2,4,3,3,1,1,2,5,2,2,1,1,2,2
522,4,4,1,2,2,4,3,1,3,,2,2,3,4
523,2,6,4,4,3,4,2,1,2,2,3,2,2,2
524,4,6,3,3,3,2,1,1,4,1,4,2,4,4
525,4,5,3,4,2,2,1,2,3,1,2,2,3,1
527,1,6,2,2,1,4,1,1,3,1,4,1,3,2
529,1,5,2,3,1,4,2,1,2,2,4,3,2,2
530,1,6,2,2,1,3,1,1,2,1,4,2,2,4
531,1,5,2,3,3,4,1,1,1,1,2,1,1,2
532,2,5,1,3,3,3,2,1,3,2,4,2,3,1
536,2,1,4,4,2,4,2,999,2,2,4,2,2,3
538,1,5,3,3,2,4,1,1,2,1,4,2,2,3
540,1,4,1,3,3,4,1,6,4,1,3,3,4,4
544,2,6,3,4,3,3,1,1,1,1,2,2,1,2
545,4,5,3,4,2,4,2,1,2,2,2,3,2,4
551,1,6,3,1,3,4,2,1,1,2,2,1,1,2
556,4,6,1,3,1,2,1,1,3,1,4,3,3,4
558,4,6,1,2,3,2,2,5,4,2,1,1,4,4
565,1,6,2,3,2,2,2,1,2,2,4,3,2,2
568,1,3,1,1,1,3,1,1,2,1,4,2,2,2
569,1,6,4,4,4,3,1,2,3,1,3,3,3,3
571,1,6,2,1,2,2,2,1,1,2,4,2,1,2
572,4,6,1,4,3,3,2,2,2,2,1,1,2,1
573,4,3,2,3,1,4,2,1,4,2,3,1,4,4
575,4,2,1,4,1,4,2,1,1,2,1,1,1,4
576,4,6,1,2,1,2,1,3,4,1,3,1,4,4
577,4,5,3,4,3,2,2,1,3,2,4,3,3,2
578,4,4,4,3,3,4,1,1,4,1,3,2,4,1
582,2,5,3,3,3,3,2,3,3,2,1,2,3,2
583,4,4,3,4,3,2,2,2,3,2,2,2,3,1
584,2,6,3,4,3,2,2,1,2,2,4,3,2,4
594,4,3,3,3,3,3,2,5,4,2,1,1,4,2
596,4,5,1,4,1,4,2,1,4,2,2,1,4,1
599,1,6,1,2,3,3,2,5,4,2,4,1,4,2
602,1,6,1,2,1,2,2,1,3,2,4,3,3,1
603,2,6,3,2,3,4,2,1,2,2,1,1,2,2
607,1,4,2,3,2,4,2,2,3,2,2,1,3,4
609,1,6,3,3,2,4,2,1,4,2,4,2,4,4
610,2,6,3,4,2,4,2,1,1,2,3,3,1,2
611,2,5,4,4,4,3,2,2,3,2,1,1,3,4
612,1,6,3,4,3,4,2,1,3,2,2,1,3,4
613,4,6,1,1,1,2,2,2,2,2,1,2,2,4
614,8,3,3,3,2,2,1,1,3,1,3,2,3,3
615,2,6,4,4,4,4,1,1,3,1,1,1,3,1
616,1,6,4,4,3,4,1,2,2,2,2,2,2,1
618,4,3,1,1,1,2,1,1,1,2,2,3,1,2
620,1,6,4,4,4,2,2,1,3,2,4,3,3,4
622,4,2,3,4,3,4,1,1,2,1,2,2,2,4
623,2,6,4,4,4,2,2,4,1,2,3,3,1,4
625,2,2,2,2,2,2,2,5,4,2,1,1,4,3
626,1,5,2,3,3,4,1,1,1,1,4,2,1,4
627,2,6,2,2,1,4,1,1,2,1,4,3,2,4
628,4,5,3,3,4,3,1,1,3,1,3,2,3,4
630,1,6,3,3,2,999,1,3,4,1,4,2,4,2
631,4,1,2,2,2,4,2,6,3,2,2,2,3,3
633,4,3,2,3,1,3,1,1,2,1,3,3,2,3
634,2,4,2,3,1,4,2,1,1,2,1,1,1,4
638,6,6,2,3,2,2,2,1,1,2,3,1,1,1
640,2,6,1,3,1,1,2,9,1,2,2,2,1,2
641,1,6,2,2,1,4,2,6,4,2,4,3,4,2
642,2,6,4,4,2,4,1,5,4,1,4,2,4,2
644,4,6,4,4,2,1,1,2,3,1,2,1,3,1
645,1,1,3,4,2,4,1,1,3,1,4,2,3,1
646,1,6,1,1,1,3,2,1,3,2,3,2,3,3
647,1,5,3,3,3,4,2,1,3,2,4,2,3,1
649,4,6,3,3,3,4,1,1,1,1,2,3,1,4
653,1,6,1,2,2,4,2,1,3,2,4,3,3,1
654,1,6,4,4,3,2,1,1,4,1,2,1,4,4
655,1,6,3,3,2,3,2,1,1,2,4,2,1,2
660,1,4,3,4,1,4,1,1,3,1,3,2,3,4
661,4,6,2,4,1,3,1,1,3,1,1,2,3,3
665,1,2,4,2,1,2,1,1,3,1,4,1,3,2
666,2,6,4,3,4,1,2,6,3,2,4,3,3,4
667,4,6,1,1,1,3,2,2,2,2,4,1,2,1
670,1,6,3,3,2,3,1,8,4,1,4,2,4,2
672,4,4,3,3,3,4,2,5,3,2,2,2,3,4
673,1,6,4,4,4,4,1,1,3,1,2,2,3,1
676,2,2,2,4,4,4,1,1,1,1,2,2,1,2
677,4,6,4,4,4,4,2,2,3,2,2,2,3,4
680,4,6,3,4,2,3,1,1,3,1,3,3,3,4
685,1,2,3,3,3,3,1,1,4,1,4,2,4,4
688,1,5,2,3,3,3,1,1,1,1,4,2,1,2
690,4,6,3,4,4,4,1,1,4,1,2,2,4,4
691,4,6,3,2,2,1,2,1,3,2,2,2,3,4
694,4,5,1,4,1,999,2,999,3,2,2,3,3,4
695,2,6,2,3,2,2,2,5,3,2,1,1,3,1
696,2,6,1,2,1,3,2,1,3,2,1,2,3,1
698,2,2,2,2,3,2,1,6,3,1,1,1,3,3
699,4,6,4,4,3,2,2,1,2,2,4,3,2,4
700,4,3,1,1,3,2,1,2,2,1,2,1,2,3
706,4,6,4,4,4,2,1,5,4,1,2,3,4,1
708,1,1,3,4,2,2,1,1,4,1,4,2,4,4
709,4,6,3,3,2,4,1,1,2,1,2,2,2,4
712,4,6,1,1,1,2,1,1,2,1,2,1,2,4
713,4,6,1,3,4,2,2,1,2,2,1,2,2,4
714,1,5,3,2,2,4,1,6,2,1,3,2,2,1
719,2,3,2,3,2,1,2,5,3,2,1,2,3,2
720,1,6,3,4,2,2,2,2,3,2,3,2,3,1
722,1,6,1,3,1,3,1,3,4,1,4,3,4,4
723,4,6,3,3,1,4,2,1,4,2,3,2,4,3
725,1,2,1,3,3,4,2,1,1,2,4,3,1,4
727,1,6,2,2,1,2,2,1,1,2,4,1,1,3
728,2,6,3,4,3,2,2,1,2,2,2,3,2,2
729,1,2,1,2,2,4,2,6,4,2,3,2,4,4
730,4,4,4,4,4,3,1,1,2,1,2,1,2,4
731,2,6,3,3,3,4,1,1,1,1,4,2,1,3
732,1,4,2,4,2,4,1,1,2,1,2,2,2,4
734,2,6,4,4,1,2,1,3,3,1,1,2,3,2
735,2,4,2,3,3,1,1,5,1,1,1,1,1,4
738,4,4,3,3,2,3,2,2,2,2,3,2,2,1
740,1,6,4,4,4,2,1,1,3,1,3,2,3,2
741,4,6,2,4,3,3,1,1,3,1,3,1,3,1
745,1,5,1,2,3,2,1,1,3,1,1,1,3,4
750,4,5,1,4,1,4,1,1,3,1,3,2,3,4
752,4,4,3,3,2,2,2,1,1,2,4,3,1,2
753,1,1,3,4,3,4,2,1,3,2,2,3,3,4
754,4,6,1,1,3,1,1,1,2,1,2,1,2,4
755,1,5,2,2,3,4,1,1,3,1,1,1,3,4
758,2,5,3,4,4,4,2,1,3,2,2,2,3,1
759,1,1,3,2,2,4,1,1,1,1,4,2,1,4
762,2,2,1,3,2,4,1,6,2,1,2,1,2,3
765,2,5,2,3,1,4,2,1,1,2,3,2,1,1
766,2,5,1,2,1,2,2,1,3,2,,2,3,2
767,2,6,4,3,2,2,1,2,1,1,1,1,1,1
771,4,4,3,3,2,3,2,2,3,2,2,1,3,1
772,1,1,2,3,1,2,1,1,2,1,4,3,2,2
773,2,2,4,4,1,3,2,1,3,2,3,2,3,4
775,2,3,2,3,3,2,2,1,1,2,1,1,1,1
776,1,6,1,2,2,1,1,1,3,1,3,2,3,4
778,1,6,4,4,2,4,1,3,2,1,2,2,2,1
779,2,5,4,4,3,4,1,1,4,1,4,1,4,4
780,2,6,3,3,2,4,1,1,4,1,4,2,4,4
781,1,3,4,3,1,2,2,3,4,2,2,2,4,2
784,1,6,2,2,4,1,2,1,2,2,4,3,2,2
785,1,5,2,2,2,4,1,6,4,1,4,2,4,1
786,1,6,4,4,2,4,1,1,4,1,4,,4,4
789,2,6,3,3,2,2,2,5,3,2,3,2,3,2
790,4,6,4,4,1,2,1,1,4,1,3,2,4,1
791,6,4,3,2,2,2,1,1,2,2,4,2,2,2
793,1,6,1,4,2,2,2,1,3,2,3,2,3,4
797,1,6,2,2,1,4,2,1,2,2,3,1,2,4
800,4,5,4,4,3,2,1,2,3,1,2,1,3,4
801,4,3,3,2,1,2,1,5,4,1,2,2,4,1
802,4,6,2,4,3,3,1,1,2,1,4,2,2,1
803,2,6,1,4,2,2,2,1,1,2,3,3,1,2
804,2,6,3,3,1,4,1,1,3,1,1,1,3,1
806,4,6,1,4,2,3,2,1,2,2,2,2,2,1
807,4,3,1,4,2,3,2,1,4,2,2,2,4,3
808,1,2,3,4,2,4,1,1,4,1,3,3,4,3
809,2,6,3,4,4,4,1,1,4,1,3,2,4,2
810,1,5,4,4,4,4,2,2,1,2,3,3,1,3
811,2,6,3,4,3,2,2,1,4,2,3,1,4,4
818,1,5,1,2,3,4,1,3,3,1,4,2,3,4
821,2,4,3,3,3,3,1,1,2,1,2,2,2,1
823,1,5,4,3,2,3,1,1,4,1,4,2,4,2
824,1,5,3,3,3,4,1,1,3,1,2,2,3,3
825,4,6,3,3,3,3,2,3,3,2,2,2,3,4
827,2,6,1,2,1,3,1,1,3,1,2,1,3,4
830,4,3,2,3,3,4,999,1,4,1,4,1,4,4
831,4,6,1,3,4,3,1,5,4,1,1,1,4,4
835,1,6,3,4,3,3,2,1,2,2,2,3,2,4
837,1,1,3,2,2,4,1,1,3,1,4,1,3,4
840,4,6,4,4,4,2,1,1,2,1,2,2,2,1
841,2,5,3,3,2,2,2,1,1,2,4,2,1,2
842,4,6,4,4,4,1,2,1,3,2,2,3,3,1
844,1,6,4,4,4,4,1,3,4,1,1,1,4,1
846,4,6,3,1,1,2,1,5,3,1,1,1,3,1
852,4,4,4,4,2,4,1,1,4,1,1,2,4,3
853,1,5,2,2,1,3,1,1,2,2,4,2,2,2
854,1,3,1,3,1,4,2,1,3,2,4,3,3,3
858,1,6,1,3,3,3,2,5,1,2,1,2,1,1
859,2,5,4,3,1,3,2,6,4,2,2,1,4,4
862,4,5,1,4,1,3,2,5,2,2,2,1,2,4
865,4,5,4,4,4,1,2,1,3,2,2,2,3,1
866,1,6,3,4,2,3,1,1,1,1,3,2,1,3
867,4,2,2,1,2,2,2,3,4,2,2,2,4,2
871,1,6,4,4,2,2,1,1,3,1,3,3,3,1
873,4,2,3,4,3,4,1,1,3,1,3,1,3,4
875,1,6,4,4,4,2,2,1,4,2,1,1,4,4
877,4,6,1,2,1,2,1,1,2,1,4,3,2,2
880,1,6,1,2,2,2,1,1,3,1,4,2,3,2
882,1,6,1,3,2,4,1,1,2,1,3,2,2,1
883,2,6,4,4,4,3,1,1,4,1,3,2,4,2
884,4,6,1,3,1,3,2,1,3,2,2,2,3,1
886,1,1,1,2,2,4,2,6,4,2,2,1,4,4
887,2,5,1,2,3,3,1,1,2,1,3,1,2,1
888,1,1,1,2,1,2,1,1,3,1,4,2,3,1
890,8,1,4,4,3,4,1,1,1,1,3,2,1,2
891,1,6,2,3,3,2,2,1,1,2,4,3,1,4
894,4,3,2,2,1,2,2,3,3,2,4,3,3,1
896,2,4,1,4,2,2,2,2,2,2,2,2,2,1
897,1,6,1,2,1,4,1,1,3,1,,3,3,2
903,2,3,3,3,2,4,2,1,2,2,2,2,2,2
904,4,6,3,4,4,3,2,1,4,2,3,1,4,1
906,4,3,4,3,2,4,1,1,1,1,2,1,1,4
907,4,6,2,3,2,3,1,2,2,1,3,1,2,1
909,2,2,3,4,2,4,1,1,2,1,3,2,2,4
910,1,6,4,4,3,2,2,1,1,2,4,2,1,2
912,4,5,4,4,2,2,1,5,4,1,1,1,4,4
913,1,2,2,3,3,3,1,1,2,1,2,1,2,4
915,1,5,2,2,1,3,1,1,4,1,4,2,4,2
916,1,6,4,4,4,4,2,1,2,2,4,3,2,1
917,2,6,2,2,3,2,2,1,3,2,3,2,3,1
918,1,3,3,4,1,1,2,1,1,2,2,2,1,4
921,4,6,2,2,2,3,1,1,3,1,4,3,3,4
923,2,5,1,3,3,4,2,1,2,2,,3,2,2
926,1,3,3,3,2,4,1,1,3,1,3,1,3,3
929,1,6,3,3,3,3,1,3,3,1,3,3,3,2
930,1,6,2,2,2,2,2,1,3,2,3,1,3,1
931,2,6,4,3,2,2,2,3,3,2,1,1,3,2
933,2,6,3,2,1,2,1,1,3,1,2,3,3,1
934,2,2,4,3,3,4,1,6,3,1,4,2,3,3
935,1,6,3,4,3,4,1,1,3,1,3,2,3,2
936,8,6,1,1,1,4,1,1,3,1,4,3,3,4
937,1,4,2,2,2,3,1,1,3,1,4,2,3,2
938,1,4,3,3,2,3,2,3,3,2,4,1,3,1
939,2,6,3,4,3,4,1,6,3,1,1,3,3,4
940,1,6,3,4,4,4,1,1,3,1,1,2,3,1
941,1,5,3,4,2,3,2,3,3,2,1,1,3,1
942,1,4,3,3,2,4,2,1,3,2,4,2,3,4
943,1,6,4,4,1,2,2,1,3,2,2,2,3,1
944,1,6,3,4,1,2,2,1,3,2,3,2,3,2
945,1,6,1,3,3,2,1,1,3,1,4,2,3,1
947,1,6,3,3,3,3,2,1,3,2,3,3,3,1
948,1,6,1,1,1,4,2,1,3,2,3,3,3,3
949,2,2,3,4,3,4,1,1,3,1,4,2,3,2
950,1,6,2,3,3,2,2,1,1,2,2,1,1,1
956,2,3,4,4,3,4,1,1,3,1,3,,3,2
957,1,4,3,4,3,3,1,1,2,1,3,,2,2
958,4,6,1,4,1,2,1,2,1,1,3,,1,3
960,1,5,3,2,2,999,1,6,4,1,3,,4,1
961,2,6,4,4,4,3,1,2,4,1,3,,4,4
965,1,5,3,3,3,2,2,1,2,2,3,2,2,1
966,4,6,2,1,1,2,1,1,3,1,2,3,3,1
967,1,6,4,4,2,2,1,1,1,1,4,2,1,4
968,1,6,-1,4,4,3,1,1,3,1,4,2,3,3
972,8,6,3,3,2,4,1,1,2,1,4,,2,2
974,2,3,1,4,4,4,1,1,1,1,1,1,1,4
978,4,6,1,4,1,2,2,1,3,2,2,2,3,1
980,1,6,2,3,1,2,1,1,2,1,3,2,2,2
981,4,6,1,2,1,1,2,5,3,2,1,1,3,4
983,4,4,1,2,2,2,2,1,3,2,1,1,3,3
986,4,4,2,3,2,3,1,5,3,1,1,2,3,4
990,4,2,4,4,2,3,1,1,3,1,2,1,3,4
994,4,5,4,4,1,2,2,1,3,2,1,1,3,1
995,2,6,1,3,1,2,2,1,1,2,3,2,1,1
997,4,3,1,4,1,3,1,5,1,1,,1,1,2
998,4,1,4,4,2,4,1,5,2,1,3,2,2,2
1000,2,6,3,3,3,2,1,1,3,1,1,2,3,1
1002,2,5,3,3,3,2,2,2,3,2,3,2,3,1
1004,4,4,1,1,2,2,2,2,3,2,2,1,3,1
1005,4,6,1,2,2,4,2,1,1,2,2,1,1,2
1006,1,6,3,4,2,3,1,1,1,1,4,2,1,4
1008,1,3,4,4,4,4,1,1,2,1,2,2,2,3
1009,1,6,4,3,1,4,1,1,4,1,4,2,4,4
1012,4,6,3,4,3,2,2,1,4,2,3,3,4,4
1013,1,2,3,4,2,4,1,1,1,1,4,1,1,4
1015,1,6,4,4,1,4,2,1,4,2,3,2,4,4
1018,4,5,2,4,3,4,1,6,3,1,2,2,3,4
1021,1,3,3,3,3,4,2,1,1,2,1,,1,3
1024,2,6,1,4,4,2,2,2,1,2,1,1,1,1
1026,1,4,3,4,3,4,2,1,3,2,1,1,3,4
1027,2,2,3,3,2,4,1,3,4,1,3,2,4,2
1028,1,6,3,3,3,2,1,1,1,1,4,2,1,1
1029,2,6,1,2,1,4,1,6,3,1,4,2,3,1
1030,4,1,1,3,1,3,2,5,3,2,2,2,3,4
1031,2,6,3,3,3,4,2,1,3,2,2,2,3,4
1032,2,3,2,2,2,2,2,2,1,2,1,1,1,1
1033,4,6,1,1,1,3,1,2,3,1,2,2,3,1
1034,8,6,1,1,1,3,1,1,3,1,3,2,3,2
1035,4,4,2,2,1,2,2,1,2,2,2,2,2,4
1036,2,6,4,4,4,2,2,2,3,2,1,2,3,1
1040,2,2,1,3,1,2,2,3,3,2,3,2,3,2
1044,2,4,3,3,1,3,2,1,3,2,1,2,3,1
1048,2,6,1,4,1,2,2,1,3,2,1,3,3,3
1049,4,6,1,1,1,1,2,1,4,2,2,2,4,4
1050,4,5,3,3,3,2,2,7,3,2,2,3,3,1
1054,2,5,2,2,1,4,2,5,4,2,2,2,4,2
1060,4,5,1,1,1,2,2,1,1,2,2,1,1,1
1061,4,3,3,3,3,3,2,1,3,2,2,2,3,4
1064,1,6,3,3,2,2,1,1,2,1,4,2,2,1
1067,2,4,3,3,3,4,1,2,3,1,2,1,3,4
1069,1,3,3,4,2,4,1,6,1,1,2,2,1,4
1070,4,6,2,3,1,2,2,1,3,2,4,2,3,1
1071,1,6,1,3,2,4,2,2,2,2,3,1,2,1
1077,2,5,2,3,3,4,2,1,4,2,2,3,4,3
1082,4,4,1,2,1,3,2,5,4,2,2,1,4,3
1084,1,2,1,1,4,4,1,5,3,1,3,3,3,4
1086,2,4,1,1,1,4,2,3,3,2,1,2,3,4
1088,2,6,3,4,4,3,1,1,2,1,2,2,2,1
1093,4,5,2,4,2,3,2,1,3,2,1,2,3,1
1094,4,6,3,4,2,2,3,1,3,,1,1,3,4
1096,2,3,1,3,1,1,2,1,3,2,1,,3,
1098,4,6,3,4,2,2,1,3,3,1,3,2,3,2
1099,2,1,3,2,1,4,1,1,2,1,3,2,2,2
1102,4,6,2,4,4,3,2,1,3,2,2,3,3,1
1104,2,5,3,4,2,2,2,2,2,2,1,1,2,4
1105,2,4,3,3,3,3,2,1,4,2,4,2,4,2
1112,1,3,4,4,2,2,1,1,2,1,4,3,2,4
1115,4,4,2,4,2,4,1,2,3,1,2,2,3,1
1116,4,6,1,4,1,3,1,1,1,1,3,2,1,1
1118,1,6,1,2,1,3,1,1,2,1,3,2,2,4
1121,2,6,3,4,3,4,1,1,3,1,2,3,3,1
1123,1,2,4,4,3,4,2,1,2,2,3,2,2,4
1124,4,6,2,4,4,3,1,2,2,1,4,3,2,1
1126,2,6,3,3,1,3,2,1,2,2,2,2,2,1
1127,4,6,2,3,1,3,1,1,3,1,4,3,3,1
1129,2,3,2,3,3,4,1,6,3,1,1,1,3,3
1131,1,2,4,4,2,3,1,1,1,1,4,2,1,2
1132,2,6,3,4,1,3,2,2,3,2,1,1,3,4
1133,4,6,2,4,1,4,2,1,4,2,3,1,4,4
1138,2,6,1,3,1,3,2,1,3,2,4,2,3,1
1141,4,6,4,4,4,3,2,2,1,2,4,3,1,3
1142,2,6,1,3,1,4,2,3,4,2,3,3,4,2
1143,1,5,2,1,1,4,2,6,3,2,3,1,3,2
1145,2,4,3,3,3,3,1,1,1,1,2,2,1,4
1146,1,2,2,3,2,3,1,3,4,1,1,1,4,1
1147,2,5,1,2,2,2,2,1,3,2,2,2,3,4
1148,2,5,4,4,3,4,1,1,3,1,4,2,3,1
1151,4,5,3,4,2,4,1,1,1,1,3,2,1,2
1158,1,2,2,2,2,4,2,3,3,2,2,2,3,4
1159,2,3,1,3,1,4,1,1,4,1,2,1,4,3
1160,1,5,3,4,1,4,1,6,4,2,1,1,4,4
1161,4,5,1,1,1,3,2,3,4,2,2,2,4,2
1167,1,6,2,3,2,2,2,1,3,2,3,2,3,4
1168,2,4,4,4,4,4,1,1,3,1,2,2,3,4
1171,4,6,4,4,3,3,2,1,3,2,3,1,3,1
1179,2,3,4,4,1,4,1,6,3,1,1,1,3,3
1181,1,6,3,4,3,4,1,1,4,1,4,2,4,4
1182,4,6,2,3,1,3,2,5,4,2,2,1,4,1
1183,1,6,4,3,4,4,2,1,2,2,2,2,2,1
1185,2,5,2,4,3,3,2,5,3,2,2,1,3,3
1193,4,6,3,3,4,2,2,1,3,2,3,3,3,4
1195,1,2,1,4,1,4,2,5,1,2,2,1,1,4
1201,2,6,4,4,3,1,1,1,4,1,2,1,4,4
1209,4,2,3,2,2,3,2,3,4,2,1,1,4,2
1214,4,5,3,3,3,4,1,1,2,1,1,2,2,1
1215,2,6,4,4,3,2,2,1,3,2,3,3,3,4
1216,4,6,1,2,1,3,1,1,3,1,4,2,3,1
1217,2,2,2,1,2,1,2,5,4,2,2,1,4,2
1219,2,3,3,4,3,4,2,5,1,2,2,3,1,2
1220,4,4,2,3,3,4,1,5,4,1,1,1,4,2
1226,4,2,3,4,2,4,1,6,4,1,1,1,4,4
1227,2,6,4,4,4,4,2,1,3,2,2,1,3,3
1230,4,3,4,4,2,4,2,1,4,2,2,1,4,4
1233,2,6,1,4,3,3,2,3,4,2,2,2,4,2
1234,2,6,3,3,4,4,2,2,3,2,4,3,3,3
1235,2,6,3,4,2,2,1,1,3,1,1,1,3,1
1239,2,6,1,1,1,3,2,1,1,2,2,1,1,2
1241,1,1,1,3,1,4,2,1,3,2,4,3,3,2
1243,4,5,1,3,1,3,2,1,4,2,3,2,4,3
1244,4,5,4,4,4,3,1,1,2,1,1,2,2,1
1249,2,6,3,3,3,2,2,1,3,2,3,2,3,3
1251,4,5,3,3,3,4,1,1,4,1,3,3,4,3
1254,2,4,4,4,2,2,1,1,2,1,1,2,2,4
1255,1,6,3,4,2,2,1,1,1,1,2,1,1,4
1256,1,4,3,3,2,4,1,1,1,1,4,2,1,2
1257,1,2,3,3,1,4,2,6,1,2,2,2,1,1
1258,2,4,3,3,3,3,2,2,1,2,1,1,1,1
1260,4,5,2,3,2,4,1,1,3,1,2,2,3,3
1264,4,6,4,4,4,2,2,1,3,2,2,3,3,4
1274,2,5,4,4,2,4,2,1,3,2,2,2,3,4
1277,1,4,3,3,2,4,1,1,1,1,3,2,1,4
1281,2,2,4,4,2,4,2,1,4,2,2,2,4,3
1285,1,3,3,3,2,4,2,1,2,2,3,2,2,1
1288,2,1,1,4,2,1,3,1,1,1,4,3,1,4
1291,2,6,4,4,3,4,1,1,4,1,3,2,4,1
1293,4,6,3,3,3,2,2,1,3,2,2,2,3,4
1295,2,6,4,4,4,4,2,2,3,2,2,2,3,1
1299,1,6,1,3,2,4,2,1,2,2,3,2,2,1
1304,1,6,3,2,3,2,2,1,2,2,4,3,2,1
1306,2,6,2,3,3,2,2,5,3,2,1,1,3,3
1307,4,6,3,3,3,1,2,5,4,2,1,3,4,2
1308,1,4,3,4,4,4,1,5,3,1,2,1,3,4
1309,1,4,3,3,3,4,1,6,1,1,4,2,1,2
1317,2,3,3,3,3,3,1,999,3,1,3,1,3,4
1318,2,5,3,3,3,2,2,5,1,2,1,1,1,4
1321,2,5,2,2,2,4,2,6,4,2,2,2,4,4
1325,2,6,3,4,1,4,2,6,2,2,1,1,2,3
1327,4,6,2,2,2,2,2,1,3,2,4,3,3,1
1328,4,3,1,3,1,2,2,2,3,2,1,1,3,4
1329,2,6,3,4,2,4,2,1,3,2,3,2,3,1
1330,2,2,3,3,2,2,2,1,1,2,2,1,1,4
1331,4,6,3,3,2,3,2,3,3,2,1,1,3,4
1340,2,6,4,4,4,3,2,2,3,2,2,1,3,1
1342,1,2,2,3,1,4,2,1,4,2,4,1,4,1
1345,2,5,2,3,1,3,1,2,3,1,1,1,3,3
1347,2,4,3,4,2,3,999,5,2,1,2,2,2,4
1351,1,6,4,4,3,2,1,5,3,1,1,1,3,4
1355,1,6,1,2,1,4,2,1,1,2,4,3,1,4
1358,4,6,3,3,2,2,1,5,1,1,3,2,1,2
1359,2,6,2,4,2,4,1,5,4,1,1,1,4,4
1360,2,6,4,4,2,4,2,1,2,2,1,1,2,1
1362,2,6,4,4,4,4,2,1,2,2,4,1,2,1
1366,1,1,2,4,2,4,1,1,4,1,4,2,4,4
1367,2,3,2,3,2,4,2,3,3,2,3,2,3,1
1368,2,3,3,4,4,3,2,3,2,2,1,2,2,1
1374,2,6,1,4,4,2,1,2,3,1,1,1,3,4
1377,1,5,2,1,1,4,1,6,2,1,4,2,2,3
1379,2,6,3,4,3,1,2,1,3,2,1,1,3,2
1381,2,6,1,2,2,1,2,1,3,2,2,2,3,4
1382,2,6,3,4,4,3,2,1,1,2,2,1,1,2
1387,2,2,3,4,4,4,1,1,3,1,2,1,3,3
1390,2,4,1,4,2,3,1,1,4,1,1,2,4,4
1391,2,5,3,3,3,3,2,3,3,2,3,2,3,2
1395,2,5,2,3,2,2,2,2,4,2,1,1,4,3
1396,2,3,1,2,3,2,2,999,4,2,,,4,
1397,4,5,3,3,3,3,2,6,4,2,1,2,4,4
1400,4,6,3,3,2,1,1,1,1,1,1,1,1,4
1402,4,6,1,2,2,1,1,1,3,1,2,2,3,4
1403,2,2,1,3,2,3,1,2,1,1,4,1,1,4
1404,2,6,4,3,3,4,1,1,2,1,3,2,2,1
1405,4,6,2,1,2,2,2,2,3,2,2,1,3,1
1406,4,6,3,3,2,2,2,1,1,2,1,1,1,4
1407,4,6,4,4,3,2,2,1,2,2,4,3,2,1
1409,2,6,3,3,1,3,2,2,3,2,2,1,3,1
1411,1,5,4,4,2,4,2,1,1,2,4,2,1,1
1412,4,3,4,4,4,3,1,1,3,1,2,2,3,3
1415,4,2,1,4,1,4,2,2,3,1,2,1,3,1
1416,2,5,3,3,2,3,2,1,3,2,2,2,3,3
1417,1,6,2,2,2,4,1,3,1,1,4,2,1,3
1418,2,6,4,4,3,3,2,1,3,2,2,1,3,4
1419,4,6,1,3,2,2,1,1,4,1,3,1,4,3
1425,2,4,2,4,4,4,2,2,1,2,2,2,1,2
1428,2,3,1,3,2,3,1,5,1,1,1,1,1,4
1430,2,6,2,1,2,2,2,3,2,2,2,2,2,1
1431,4,5,1,4,2,1,1,1,4,1,1,1,4,4
1433,2,6,2,2,1,4,2,1,3,2,1,2,3,2
1434,1,6,4,3,3,4,1,1,2,1,3,1,2,2
1435,2,6,3,3,3,3,2,1,2,2,3,2,2,1
1438,4,3,2,3,4,2,2,1,3,2,3,1,3,1
1439,1,6,2,2,2,3,2,1,3,2,4,3,3,4
1441,1,6,3,3,2,2,2,1,3,2,4,2,3,2
1442,2,6,2,3,3,3,2,1,2,2,1,1,2,4
1445,1,5,4,4,3,3,1,1,3,1,3,3,3,1
1448,1,6,3,3,3,2,2,3,1,2,2,2,1,2
1449,1,6,3,3,3,2,2,1,2,2,2,1,2,4
1453,2,6,4,2,2,1,2,2,3,2,2,1,3,1
1454,2,4,3,4,3,3,2,1,2,2,2,2,2,4
1456,1,6,1,4,2,1,1,1,3,1,2,3,3,1
1458,4,5,4,4,4,2,1,1,1,1,1,1,1,1
1459,2,6,2,4,3,2,2,5,3,2,1,1,3,1
1469,2,6,1,4,2,3,2,5,3,2,2,2,3,1
1478,4,6,4,4,3,3,1,1,3,1,2,2,3,1
1481,1,3,3,3,4,4,1,1,2,1,2,2,2,1
1482,1,5,3,4,1,4,1,5,4,1,2,2,4,1
1483,2,6,2,2,2,4,1,1,4,1,4,2,4,3
1485,1,6,2,3,2,4,1,1,4,1,2,2,4,1
1488,1,4,3,2,1,4,2,3,4,2,4,3,4,4
1492,2,1,2,2,2,3,2,6,3,2,1,1,3,4
1493,1,4,1,3,1,4,1,6,3,1,3,2,3,3
1495,4,6,3,4,3,1,1,1,4,1,3,1,4,4
1497,4,4,1,1,1,2,1,3,1,1,2,3,1,2
1499,4,5,4,4,3,1,2,1,4,2,2,1,4,4
1500,2,5,3,4,2,4,2,1,3,2,2,1,3,4
1501,2,4,3,2,2,4,2,5,4,2,1,1,4,2
1502,2,5,1,3,3,4,2,3,3,2,1,1,3,2
1504,1,5,1,4,1,4,2,1,2,2,3,2,2,1
1505,4,5,1,1,2,1,2,1,3,2,2,1,3,4
1509,1,6,3,4,3,3,1,1,4,1,3,3,4,4
1512,4,6,2,2,1,2,2,2,3,2,3,1,3,1
1513,2,6,4,4,1,2,2,2,3,2,1,1,3,1
1515,4,5,3,3,2,2,2,1,2,2,4,2,2,2
1516,4,3,1,3,2,3,1,3,3,1,3,1,3,2
1517,4,5,3,3,2,3,2,1,1,2,3,2,1,2
1519,4,6,3,4,4,2,2,1,3,2,2,3,3,1
1522,2,4,3,3,3,1,2,1,2,2,2,1,2,1
1524,2,3,1,4,2,4,1,1,1,1,2,1,1,2
1525,2,3,2,3,1,3,2,5,1,2,2,1,1,1
1527,1,1,3,3,3,4,2,1,1,2,4,1,1,2
1528,4,6,1,4,3,2,1,1,3,1,3,3,3,1
1529,2,6,3,2,2,1,1,2,3,1,1,1,3,1
1532,2,2,4,4,4,3,1,1,3,1,1,1,3,1
1533,2,2,3,4,2,3,2,1,3,2,1,1,3,4
1534,4,4,2,4,2,3,2,1,2,2,2,1,2,4
1535,1,2,1,2,1,3,2,3,1,2,4,3,1,2
1538,2,2,3,2,2,4,999,6,4,1,4,2,4,1
1540,1,6,1,1,1,4,2,1,4,2,1,2,4,3
1543,4,6,2,4,2,4,1,6,4,1,2,1,4,2
1545,1,1,4,3,3,4,1,3,1,1,2,2,1,4
1547,1,1,1,2,2,2,1,6,4,1,1,1,4,4
1552,2,6,2,3,2,3,2,1,2,2,2,2,2,1
1554,2,6,4,4,4,3,2,3,3,2,1,1,3,1
1558,4,3,3,4,2,4,1,1,2,1,4,3,2,2
1566,2,5,3,3,2,2,1,1,4,1,1,2,4,3
1568,2,3,2,1,1,2,2,5,3,2,1,1,3,1
1570,2,1,1,1,1,1,2,5,4,2,2,2,4,4
1573,2,4,3,4,4,2,2,3,4,2,2,1,4,2
1575,2,6,3,3,3,2,1,1,2,1,3,2,2,2
1578,4,6,1,4,2,3,2,2,3,2,4,3,3,1
1580,2,6,1,3,1,2,1,1,1,1,3,2,1,2
1581,1,4,4,4,4,1,1,2,4,1,4,2,4,
1582,2,6,3,3,2,4,1,1,3,1,2,3,3,1
1583,1,1,2,3,2,4,1,6,1,1,3,2,1,1
1586,2,5,3,3,3,2,2,1,2,2,2,2,2,3
1592,1,2,3,4,3,4,2,1,4,2,4,1,4,1
1599,4,6,3,3,2,1,1,2,1,1,2,1,1,1
1602,4,5,3,3,2,3,1,1,4,1,3,2,4,3
1603,2,6,1,4,3,3,2,5,4,2,2,3,4,3
1604,1,6,2,2,2,3,1,1,3,1,2,2,3,1
1605,4,6,3,3,3,4,1,1,2,1,2,2,2,1
1608,2,3,4,3,3,2,1,6,4,1,2,2,4,1
1609,2,4,1,1,1,1,2,3,3,2,1,1,3,4
1611,4,3,4,4,4,2,2,1,1,2,1,1,1,1
1612,1,4,3,2,3,4,1,6,3,1,2,2,3,3
1613,2,1,4,4,2,2,2,6,3,2,3,2,3,4
1614,2,5,3,4,2,4,2,1,2,2,3,1,2,2
1616,4,5,2,4,3,4,1,2,3,1,3,3,3,1
1617,2,4,2,1,2,3,1,1,3,1,1,1,3,3
1622,2,1,2,3,1,4,1,1,2,1,4,2,2,4
1623,4,2,1,3,3,2,1,2,3,2,2,1,3,1
1626,2,6,3,3,1,2,2,2,1,2,2,1,1,2
1627,4,6,1,1,3,1,1,1,1,1,3,2,1,1
1633,2,3,1,4,1,4,2,1,3,2,4,2,3,3
1635,1,3,4,3,3,4,1,1,3,1,4,3,3,3
1636,4,5,4,4,1,3,1,1,1,1,2,2,1,4
1642,2,2,2,3,4,1,2,2,3,2,1,1,3,1
1643,2,3,2,4,1,4,2,1,3,2,2,1,3,4
1647,4,4,2,3,4,3,1,1,3,1,2,2,3,1
1649,1,6,4,4,4,4,1,2,3,1,4,1,3,1
1650,4,6,3,3,3,1,1,5,3,1,3,3,3,2
1653,2,6,3,4,3,2,1,1,3,1,2,1,3,3
1654,1,5,3,4,2,4,1,1,3,1,4,2,3,4
1655,4,5,2,3,1,4,2,3,4,2,1,1,4,1
1657,4,6,3,4,3,4,2,1,2,2,1,1,2,4
1658,4,3,2,3,1,3,999,10,3,2,2,2,3,1
1660,4,1,2,2,2,1,2,1,1,2,1,1,1,1
1666,1,6,4,4,4,4,1,1,4,1,4,2,4,3
1668,2,6,2,4,3,2,1,5,4,1,2,2,4,2
1669,4,6,2,3,2,2,2,1,3,2,4,3,3,3
1671,1,1,4,4,3,4,1,1,3,1,4,1,3,4
1675,2,6,4,4,2,4,1,1,3,1,2,1,3,4
1678,2,2,2,4,2,2,2,2,2,2,1,1,2,4
1680,2,3,1,3,2,3,1,1,3,1,1,1,3,1
1681,2,6,2,4,2,2,2,1,4,2,1,1,4,3
1683,1,6,4,4,2,3,2,2,3,2,3,1,3,3
1684,2,4,4,4,4,2,2,2,3,2,2,3,3,1
1685,4,6,1,1,1,2,2,1,3,2,3,2,3,4
1689,2,6,2,4,2,4,1,1,1,1,4,2,1,2
1690,4,6,3,2,3,2,1,1,2,1,3,3,2,1
1701,2,1,3,3,3,4,1,3,4,1,2,2,4,4
1703,4,6,1,4,2,3,2,1,4,2,1,2,4,3
1707,2,6,2,4,3,2,1,2,2,1,3,1,2,4
1709,2,5,4,4,4,2,2,2,3,2,1,1,3,1
1722,2,1,1,1,1,2,2,2,3,2,1,1,3,1
1730,4,5,4,3,3,4,1,2,3,1,2,2,3,1
1731,4,6,1,2,1,2,2,2,3,2,2,3,3,1
1734,4,6,4,3,3,2,2,1,3,2,2,2,3,3
1736,1,3,2,3,3,2,1,1,2,1,4,3,2,2
1740,2,5,2,3,2,2,2,1,1,2,3,2,1,4
1742,4,6,3,4,3,2,2,1,3,2,2,1,3,4
1744,4,6,1,1,3,2,1,2,3,1,3,3,3,1
1746,4,6,1,2,3,3,1,1,4,1,4,3,4,2
1748,2,6,4,4,3,4,1,1,3,1,4,3,3,3
1751,4,4,2,4,1,3,2,3,1,2,2,1,1,2
1755,2,5,4,4,4,3,2,2,2,2,2,1,2,1
1758,1,6,4,4,4,3,1,1,3,1,2,1,3,4
1760,1,6,3,4,3,4,1,3,3,1,3,2,3,4
1763,2,6,1,2,2,4,2,1,4,2,2,2,4,3
1765,2,4,3,3,2,4,1,1,2,1,2,2,2,2
1769,4,6,3,3,3,1,1,1,3,1,4,2,3,4
1776,4,4,1,1,2,1,999,999,2,1,1,2,2,4
1780,4,3,4,4,3,3,1,3,3,1,1,1,3,4
1781,2,5,1,3,1,2,1,1,3,1,4,2,3,2
1782,4,3,2,4,3,3,1,5,4,1,1,1,4,2
1784,2,6,2,4,3,2,2,1,4,2,1,1,4,4
1786,1,6,1,1,1,2,2,1,3,2,3,3,3,1
1787,4,6,4,4,3,4,1,1,4,1,3,2,4,3
1792,1,2,4,4,3,2,1,1,2,1,2,1,2,4
1794,1,6,4,4,4,4,2,1,1,2,2,1,1,2
1795,2,6,1,2,1,2,2,3,4,2,3,2,4,1
1796,2,6,1,1,1,2,2,1,4,2,4,2,4,1
1798,4,6,4,4,3,2,1,1,4,1,2,2,4,3
1802,2,4,1,4,1,2,2,3,4,2,2,1,4,1
1803,2,5,4,4,3,4,1,3,2,2,1,1,2,1
1807,2,5,3,4,4,4,2,9,1,2,1,2,1,3
1808,1,3,2,3,2,4,1,5,4,1,2,2,4,4
1809,1,2,2,3,3,4,1,1,3,1,1,1,3,1
1810,2,6,1,1,1,3,2,1,2,2,2,3,2,2
1812,4,5,2,4,2,4,2,3,3,2,2,1,3,4
1815,1,1,2,4,1,1,1,1,4,1,3,1,4,4
1818,4,6,1,1,1,2,2,1,3,2,4,2,3,1
1819,2,3,2,1,2,2,2,6,3,2,2,2,3,4
1820,1,6,3,3,1,4,1,1,4,1,4,2,4,1
1824,1,1,1,4,3,4,1,1,4,1,2,1,4,4
1826,2,1,1,3,3,4,2,1,4,2,3,2,4,3
1827,2,2,3,3,2,4,1,1,4,1,4,2,4,2
1829,2,6,3,4,4,3,2,3,4,2,1,1,4,1
1830,2,3,1,3,1,4,2,4,4,2,2,2,4,4
1832,2,6,2,3,2,4,2,1,1,2,3,3,1,1
1833,2,4,4,4,4,4,1,2,3,1,1,1,3,1
1835,1,3,1,3,3,3,1,1,4,1,1,1,4,3
1837,4,4,2,2,2,2,2,1,3,2,2,3,3,1
1838,4,6,1,2,2,1,2,2,3,2,3,1,3,1
1839,2,5,4,4,4,2,2,3,3,2,2,2,3,4
1840,2,6,3,3,2,3,1,3,4,1,3,2,4,4
1841,2,6,4,4,2,2,2,5,4,2,1,1,4,2
1842,2,6,1,2,2,3,2,1,3,2,2,1,3,1
1844,1,4,4,4,4,4,1,6,4,1,2,1,4,4
1847,1,3,4,4,2,3,2,1,3,2,4,2,3,1
1848,4,6,4,3,1,3,2,6,4,2,4,3,4,1
1851,4,5,3,4,3,3,2,1,1,2,2,1,1,1
1852,2,4,2,1,1,1,2,8,3,2,1,1,3,1
1853,4,6,1,3,1,2,1,1,2,1,2,2,2,4
1856,2,1,4,3,3,4,2,2,3,2,2,1,3,1
1857,4,6,4,4,4,4,1,1,4,1,2,2,4,4
1859,6,6,1,1,2,2,2,1,3,2,3,2,3,4
1861,2,6,3,4,2,2,1,5,3,1,3,2,3,1
1864,4,4,3,3,3,3,1,1,1,1,2,2,1,2
1865,4,6,1,1,1,2,2,3,3,2,1,2,3,2
1869,1,6,1,1,1,3,1,1,1,1,4,2,1,1
1871,2,6,4,4,4,3,1,1,4,1,2,2,4,4
1872,2,6,3,3,3,4,1,1,3,1,2,1,3,1
1874,4,6,2,3,2,3,2,2,2,2,3,1,2,3
1875,4,6,4,1,1,2,1,5,3,1,2,1,3,2
1876,4,6,1,2,1,4,2,1,4,2,4,2,4,1
1877,1,3,3,3,2,2,1,1,3,1,3,2,3,1
1878,1,6,2,4,2,3,1,1,4,1,3,2,4,1
1879,2,6,3,4,4,2,2,1,2,2,1,1,2,4
1882,4,1,3,4,3,4,2,1,2,2,2,2,2,4
1884,2,2,3,3,3,4,2,1,2,2,1,1,2,4
1885,4,4,3,4,1,3,1,3,4,1,2,2,4,2
1887,1,4,4,4,4,4,1,1,2,1,3,2,2,4
1888,2,2,2,2,2,4,2,1,3,2,2,2,3,4
1894,4,5,1,1,1,2,2,1,3,2,2,2,3,1
1895,4,6,3,3,3,2,2,1,2,2,4,3,2,1
1898,2,6,4,4,4,2,1,5,3,1,2,1,3,4
1900,4,6,1,2,2,3,1,1,2,1,3,2,2,4
1901,2,5,2,3,2,3,2,1,3,2,3,3,3,2
1905,1,6,3,3,2,2,1,3,1,1,4,1,1,1
1906,2,3,1,3,3,2,1,2,3,1,1,1,3,4
1907,1,2,4,4,2,3,2,2,4,2,3,2,4,4
1908,2,6,1,4,1,2,2,3,4,2,1,1,4,3
1909,4,4,1,3,1,2,1,2,3,1,2,1,3,1
1911,2,4,3,4,3,3,1,3,4,1,2,1,4,4
1914,2,3,2,3,2,2,999,3,4,2,1,1,4,4
1916,4,6,2,4,4,2,3,5,2,,2,1,2,3
1918,4,6,4,4,4,2,2,2,2,2,3,3,2,1
1922,2,5,3,3,3,2,2,3,3,2,1,1,3,4
1925,2,2,2,1,1,2,2,5,1,2,1,1,1,4
1926,1,6,1,2,1,4,1,6,1,1,2,1,1,2
1927,4,6,4,4,4,2,2,2,3,2,3,3,3,1
1928,4,5,1,2,1,4,2,2,1,2,1,1,1,2
1930,4,6,3,4,2,2,1,2,2,1,2,2,2,1
1934,1,6,1,2,2,2,2,1,4,2,4,2,4,2
1935,2,3,3,3,2,3,1,6,1,1,1,1,1,1
1940,1,3,4,4,3,3,1,1,1,1,4,3,1,1
1941,2,1,4,4,2,2,2,2,1,2,2,1,1,1
1942,1,6,3,4,4,4,1,6,4,1,2,2,4,1
1946,2,1,2,4,4,4,2,2,3,2,3,1,3,1
1953,4,3,4,4,4,2,1,2,3,1,2,1,3,3
1955,1,6,1,3,2,4,1,5,3,1,3,1,3,4
1956,2,3,2,4,4,4,1,1,1,1,2,1,1,1
1957,4,4,4,4,4,2,2,3,3,1,2,1,3,4
1963,2,2,4,4,4,1,2,2,1,2,2,1,1,1
1964,2,6,1,1,1,2,2,1,1,2,2,2,1,4
1968,1,6,2,2,1,3,2,1,1,2,4,2,1,2
1972,2,3,1,3,3,3,2,1,2,2,1,1,2,1
1973,2,6,1,1,1,1,2,5,1,2,3,1,1,1
1976,2,3,1,1,1,1,2,3,1,2,1,1,1,1
1977,1,6,3,3,3,3,1,1,2,1,4,2,2,1
1978,4,6,4,4,4,3,2,2,3,2,1,2,3,1
1979,1,6,3,3,3,999,1,2,1,1,4,2,1,3
1982,1,6,2,3,3,2,1,1,2,1,4,2,2,4
1983,2,6,4,4,4,3,2,1,3,2,3,2,3,1
1986,2,1,1,1,1,2,2,3,3,2,1,1,3,2
1990,2,6,3,4,4,1,1,1,2,1,4,1,2,1
1991,2,5,2,4,2,2,1,1,2,1,2,3,2,1
1996,2,6,2,2,1,3,2,3,1,2,1,1,1,4
1998,4,2,1,1,1,1,2,1,1,2,3,1,1,4
2001,2,5,2,3,4,2,2,2,3,2,1,1,3,1
2002,2,6,2,3,3,2,1,1,2,1,4,3,2,2
2011,1,6,3,4,3,4,2,1,3,2,4,2,3,1
2012,1,3,3,4,3,1,1,1,2,1,2,2,2,1
2015,1,4,4,4,3,3,1,3,3,1,1,1,3,4
2017,4,5,4,4,3,1,2,5,3,2,2,1,3,1
2019,4,6,2,4,4,2,1,3,4,1,2,2,4,4
2022,2,2,1,2,2,2,2,2,1,2,2,1,1,4
2024,2,6,4,4,1,1,2,2,2,2,2,1,2,1
2025,2,4,4,3,2,4,1,2,2,1,3,1,2,2
2032,4,6,4,4,3,3,2,1,2,2,2,2,2,1
2033,2,3,1,1,2,4,2,1,3,2,2,3,3,1
2037,1,6,4,3,4,1,2,3,4,2,2,1,4,4
2038,4,6,4,4,4,2,1,1,4,1,2,1,4,1
2039,2,6,2,4,2,1,1,6,4,1,2,2,4,4
2042,2,6,2,4,2,2,2,1,1,2,2,1,1,3
2049,2,4,4,2,2,4,2,1,4,2,3,2,4,1
2051,2,3,4,3,3,4,1,1,3,1,2,2,3,1
2053,4,3,3,2,1,4,1,9,3,1,4,2,3,2
2055,2,4,1,1,1,1,999,5,3,2,1,2,3,2
2056,1,3,2,3,2,4,1,6,2,1,1,2,2,4
2058,2,6,1,2,2,2,1,1,4,1,4,2,4,1
2060,2,5,3,4,3,4,2,1,2,2,3,2,2,2
2061,4,6,4,4,2,1,3,1,3,2,1,1,3,3
2062,2,6,1,3,1,4,2,1,3,2,1,1,3,1
2063,1,6,4,3,4,4,2,1,2,2,2,2,2,2
2064,2,6,1,4,2,3,2,2,2,2,1,1,2,3
2066,2,5,4,4,3,4,2,1,3,2,3,3,3,1
2067,1,5,4,4,3,4,2,1,4,2,2,2,4,2
2075,1,6,1,3,1,2,2,3,2,2,1,1,2,2
2078,4,5,1,1,1,1,2,5,1,2,3,1,1,2
2082,1,6,4,4,4,1,1,1,1,1,2,2,1,3
2084,2,4,1,1,1,2,1,2,3,1,1,1,3,4
2087,1,6,3,3,2,4,1,1,3,1,3,2,3,2
2088,1,6,1,2,2,2,1,1,1,1,4,2,1,1
2090,2,6,1,4,1,4,1,1,1,1,3,1,1,4
2091,2,6,3,4,2,3,1,1,1,1,1,2,1,1
2094,4,6,4,4,4,3,1,1,4,1,2,3,4,1
2095,1,6,1,4,4,4,1,1,3,1,3,1,3,1
2098,2,6,1,3,2,2,1,5,4,2,1,2,4,4
2099,4,5,1,3,1,3,2,2,3,2,3,1,3,1
2101,1,3,2,2,2,4,2,1,4,2,1,1,4,4
2103,1,6,3,4,2,2,1,1,3,1,2,3,3,1
2105,4,6,4,4,3,4,1,5,3,1,1,1,3,1
2106,4,6,1,1,1,3,2,2,3,2,2,1,3,1
2110,4,6,1,2,2,1,2,1,2,2,2,3,2,4
2113,2,6,2,3,1,4,2,3,4,2,3,2,4,1
2114,1,6,1,2,2,4,1,1,3,1,4,3,3,1
2117,2,6,3,4,1,2,2,1,4,2,3,2,4,1
2118,2,6,3,4,2,4,1,1,3,1,2,2,3,3
2119,4,6,3,3,3,3,2,999,4,2,2,2,4,1
2123,1,5,3,3,3,3,1,6,2,1,3,3,2,4
2139,2,5,1,1,1,3,2,2,2,2,2,1,2,4
2144,2,5,2,2,3,4,2,1,1,2,4,2,1,1
2145,4,3,1,3,1,1,2,1,3,2,3,3,3,1
2147,2,4,3,4,1,4,2,1,1,2,1,1,1,1
2155,4,5,2,2,1,1,1,1,3,1,3,3,3,4
2158,1,5,3,3,2,4,1,1,4,1,4,2,4,2
2166,2,4,1,3,1,3,2,1,2,2,3,1,2,4
2167,4,4,4,4,4,1,2,1,2,2,1,1,2,4
2171,4,6,4,3,4,2,2,1,1,2,3,2,1,1
2172,4,1,3,2,2,3,2,1,1,2,4,2,1,1
2174,1,6,3,3,3,2,1,1,2,1,3,2,2,4
2175,1,6,3,3,2,3,1,1,4,1,4,2,4,2
2176,2,6,2,2,3,3,1,1,3,1,4,2,3,3
2177,4,3,3,2,2,4,1,1,1,1,4,2,1,1
2179,2,5,2,2,1,4,2,3,4,2,2,3,4,4
2181,1,6,2,4,3,2,2,10,3,2,3,2,3,3
2183,1,4,3,3,3,3,1,2,4,1,4,1,4,1
2190,1,6,2,4,3,4,2,3,4,2,4,1,4,1
2200,4,5,4,4,3,3,1,1,4,1,2,2,4,4
2201,1,6,1,2,2,3,1,5,4,1,2,1,4,1
2207,1,4,4,3,1,4,2,1,4,2,2,2,4,1
2209,1,5,3,2,2,3,2,6,4,2,2,2,4,2
2210,2,2,1,1,1,4,1,2,4,1,2,2,4,1
2211,4,4,2,3,1,3,1,3,4,1,2,1,4,1
2213,4,5,4,4,4,2,2,2,2,2,4,3,2,1
2214,4,1,2,4,3,4,2,1,2,2,2,2,2,1
2215,1,3,4,4,2,4,999,6,4,1,2,1,4,4
2217,2,6,1,4,2,2,2,1,3,2,1,3,3,1
2218,1,6,2,3,1,4,2,1,3,2,4,3,3,1
2219,2,4,4,4,4,4,2,1,2,2,2,1,2,1
2225,4,5,3,3,3,2,1,5,2,1,2,2,2,4